<?xml version="1.0"?>
<!--<!DOCTYPE metadata SYSTEM "http://www.esri.com/metadata/esriprof80.dtd">-->
<metadata xml:lang="en"><Esri><MetaID>{F6BA2040-6F2F-4418-8218-1C500042DEF4}</MetaID><CreaDate>20110223</CreaDate><CreaTime>13552100</CreaTime><SyncOnce>TRUE</SyncOnce><DataProperties><lineage><Process ToolSource="C:\Program Files (x86)\ArcGIS\ArcToolbox\Toolboxes\Data Management Tools.tbx\Project" Date="20110223" Time="135521">Project PuertoRico C:\Ywchun\StatBook\with_Chun\chapter2\PuertoRico_Project.shp GEOGCS['GCS_Puerto_Rico',DATUM['D_Puerto_Rico',SPHEROID['Clarke_1866',6378206.4,294.9786982]],PRIMEM['Greenwich',0.0],UNIT['Degree',0.0174532925199433]] # PROJCS['Puerto_Rico_StatePlane_Puerto_Rico_FIPS_5201_Meters',GEOGCS['GCS_Puerto_Rico',DATUM['D_Puerto_Rico',SPHEROID['Clarke_1866',6378206.4,294.9786982]],PRIMEM['Greenwich',0.0],UNIT['Degree',0.0174532925199433]],PROJECTION['Lambert_Conformal_Conic'],PARAMETER['False_Easting',152400.3048006096],PARAMETER['False_Northing',0.0],PARAMETER['Central_Meridian',-66.43333333333334],PARAMETER['Standard_Parallel_1',18.03333333333334],PARAMETER['Standard_Parallel_2',18.43333333333333],PARAMETER['Latitude_Of_Origin',17.83333333333333],UNIT['Meter',1.0]]</Process></lineage></DataProperties></Esri></metadata>
